,SIGNIFICANCE,RA,DEC,l,b,DES_FOOTPRINT,PS1_FOOTPRINT,DELVE_FOOTPRINT,DECALS_FOOTPRINT,EBV_FLAG,PMRA,PMDEC,EDR3,RR_LYRAE,NSTARS,MAG_AVG,MAG_MAX
1,9.948616982,76.1691121,-15.29554739,215.4048127,-30.38994296,FALSE,TRUE,FALSE,FALSE,FALSE,-0.002508543,0.348717185,11.10807991,TRUE,17,18.89676729,16.66712
2,9.502577782,185.9842351,-1.782402476,288.9397164,60.3400898,FALSE,TRUE,TRUE,TRUE,FALSE,-1.933992666,-1.526654436,10.10879898,TRUE,5,18.6083092,16.89397